name;address;city;state;zip;phone_number;momtrusted_id;
Tutor Time;225 East 38th Street;New York;NY;10016;8002194278;17634;
Tutor Time;73 Old Route 22;Armonk;NY;10504;8002194278;18831;
Tutor Time;460 Bedford Rd;Pleasantville;NY;10570;8002194278;18979;
La Petite Academy;2000 Corporate Dr;Orangeburg;NY;10962;8002077313;19253;
Tutor Time;7817 3rd Ave;Brooklyn;NY;11209;8002194278;17143;
Tutor Time;1134 Jericho Turnpike;Commack;NY;11725;8002194278;20346;
Tutor Time;470 Patchogue-Holbrook Rd;Holbrook;NY;11741;8002194278;20385;
Tutor Time;1305 East Suffolk Avenue;Islandia;NY;11749;8002194278;20425;
Tutor Time;3062 Hempstead Turnpike;Levittown;NY;11756;8002194278;20435;
Tutor Time;1645 Montauk Highway;Oakdale;NY;11769;8002194278;20475;
Tutor Time;246 Carroll Ave;Ronkonkoma;NY;11779;8002194278;20494;
Childtime;157 Adams Ave;Hauppauge;NY;11788;8002194276;20520;
Childtime;1 Bethlehem Court;Delmar;NY;12054;8002194276;22422;
Tutor Time;3 Springhurst Drive;East Greenbush;NY;12061;8002194278;460876;
Childtime;853 Route #146;Clifton Park;NY;12065;8002194276;22436;
Tutor Time;325 Jordan Rd;Troy;NY;12180;8002194278;460877;
Childtime;28 Vly Road;Albany;NY;12205;8002194276;22469;
Childtime;8439 Loop Rd;Baldwinsville;NY;13027;8002194276;21190;
Tutor Time;4081 State Highway 31;Clay;NY;13041;8002194278;21223;
Childtime;5112 W Taft Rd;Liverpool;NY;13088;8002194276;21280;
Childtime;7453 1/2 Morgan Rd;Liverpool;NY;13090;8002194276;21286;
Childtime;3217 E Genesee St;Syracuse;NY;13214;8002194276;21366;
Childtime;4645 Nixon Park Dr;Syracuse;NY;13215;8002194276;21371;
Tutor Time;732 Vestal Parkway;Vestal;NY;13850;8002194278;21614;
Childtime;3121 Southwestern Blvd;Orchard Park;NY;14127;8002194276;21814;
Childtime;855 Hopkins Rd;Williamsville;NY;14221;8002194276;21965;
Childtime;585 Garnsey Rd;Fairport;NY;14450;8002194276;22658;
Childtime;4201 Buffalo Rd;North Chili;NY;14514;8002194276;22688;
Childtime;2052 Fairport Nine Mile Point Rd;Penfield;NY;14526;8002194276;22698;
Childtime;55 Hoover Dr;Rochester;NY;14615;8002194276;22779;
Childtime;400 Dorsey Road;Rochester;NY;14616;8002194276;22781;
Childtime;896 Calkins Rd;Rochester;NY;14623;8002194276;22815;
Tutor Time;6031 Baptist Rd;Pittsburgh;PA;15236;8002194278;33898;
La Petite Academy;515 Forty Foot Rd;Lansdale;PA;19446;8002077313;35361;
La Petite Academy;5986 Limestone Rd;Hockessin;DE;19707;8002077313;371179;
Tutor Time;2001 Brandywine Pkwy;Wilmington;DE;19803;8002194278;371471;
Tutor Time;5305 Limestone Rd;Wilmington;DE;19808;8002194278;371399;
La Petite Academy;1 Michigan Ave NW;Washington;DC;20010;8002077313;380542;
Childtime;8461 Signal Hill Rd;Manassas;VA;20110;8002194276;123611;
La Petite Academy;10023 Dumfries Rd;Manassas;VA;20110;8002077313;132211;
La Petite Academy;5130 Woodmere Dr;Centreville;VA;20120;8002077313;125931;
La Petite Academy;6600 La Petite Pl;Centreville;VA;20121;8002077313;125851;
Childtime;6000 Union Mill Rd;Clifton;VA;20124;8002194276;123601;
La Petite Academy;20110 Ashburn Village Blvd;Ashburn;VA;20147;8002077313;125891;
La Petite Academy;211 Edds Ln;Sterling;VA;20165;8002077313;460842;
Childtime;78 Industrial Park Dr;Waldorf;MD;20602;8002194276;186231;
La Petite Academy;100 Smallwood Dr;Waldorf;MD;20602;8002077313;186341;
La Petite Academy;5004 Enterprise Rd;Bowie;MD;20720;8002077313;460843;
Childtime;4550 Montgomery Ave #100;Bethesda;MD;20814;8002194276;171861;
La Petite Academy;19901 Father Hurley Blvd;Germantown;MD;20874;8002077313;177591;
La Petite Academy;101 Saybrooke View Dr;Gaithersburg;MD;20877;8002077313;177241;
Childtime;1199 Quince Orchard Blvd;Gaithersburg;MD;20878;8002194276;177231;
Childtime;804 Moores Mill Road;Bel Air;MD;21014;8002194276;171271;
Childtime;1322 Policy Dr;Belcamp;MD;21017;8002194276;171321;
La Petite Academy;10101 Frederick Rd;Ellicott City;MD;21042;8002077313;175791;
Childtime;4895 Montgomery Rd;Ellicott City;MD;21043;8002194276;175821;
Childtime;6905 Oakland Mills Rd;Columbia;MD;21045;8002194276;174351;
La Petite Academy;8890 Columbia 100 Pkwy;Columbia;MD;21045;8002077313;460839;
La Petite Academy;7475 Eden Brook Dr;Columbia;MD;21046;8002077313;174191;
La Petite Academy;2295 Johns Hopkins Road;Gambrills;MD;21054;8002077313;460844;
Childtime;1341 Ashton Rd;Hanover;MD;21076;8002194276;460888;
Childtime;31 Hopkins Plaza;Baltimore;MD;21201;8002194276;171001;
La Petite Academy;6701 N Charles St;Towson;MD;21204;8002077313;185851;
La Petite Academy;2434 W Belvedere Ave;Baltimore;MD;21215;8002077313;460845;
Childtime;301 East Fort Avenue;Baltimore;MD;21230;8002194276;460828;
La Petite Academy;2150 Old Farm Dr;Frederick;MD;21701;8002077313;460840;
La Petite Academy;9085 Ridgefield Dr;Frederick;MD;21701;8002077313;176671;
La Petite Academy;650 Himes Avenue;Frederick;MD;21703;8002077313;176611;
La Petite Academy;17040 Jefferson Davis Hwy;Dumfries;VA;22026;8002077313;125831;
Childtime;12550 Ox Trail;Fairfax;VA;22033;8002194276;123581;
La Petite Academy;10996 Clara Barton Dr;Fairfax Station;VA;22039;8002077313;125901;
La Petite Academy;8808 Redman St;Springfield;VA;22153;8002077313;125921;
Childtime;2272 Huntington Ave;Alexandria;VA;22303;8002194276;123461;
La Petite Academy;6175 Charles Arrington Dr;Alexandria;VA;22310;8002077313;125911;
La Petite Academy;25 Travis Ln;Stafford;VA;22554;8002077313;125871;
La Petite Academy;3919 Springfield Rd;Glen Allen;VA;23060;8002077313;125841;
Childtime;7452 Old Hickory Dr;Mechanicsville;VA;23111;8002194276;123651;
Childtime;6300 Harbourside Dr;Midlothian;VA;23112;8002194276;123621;
Childtime;4201 Mallard Landing Cir;Midlothian;VA;23112;8002194276;123631;
Childtime;2510 Sailboat Dr;Midlothian;VA;23112;8002194276;123661;
La Petite Academy;3100 Old Hundred Rd;Midlothian;VA;23112;8002077313;125861;
Childtime;1220 Alverser Dr;Midlothian;VA;23113;8002194276;123561;
Childtime;8226 Windmill Watch Dr;Mechanicsville;VA;23116;8002194276;123671;
La Petite Academy;3190 Lake Powell Rd;Williamsburg;VA;23185;8002077313;132221;
La Petite Academy;5260 Olde Towne Rd;Williamsburg;VA;23185;8002077313;125801;
La Petite Academy;12484 Church Road;Richmond;VA;23233;8002077313;125821;
Childtime;1431 Eden Way N;Chesapeake;VA;23320;8002194276;123491;
La Petite Academy;1025 Plantation Lakes Cir;Chesapeake;VA;23320;8002077313;125741;
La Petite Academy;625 Cedar Road;Chesapeake;VA;23320;8002077313;460841;
La Petite Academy;341 Volvo Pkwy;Chesapeake;VA;23320;8002077313;125761;
La Petite Academy;2453 Taylor Rd;Chesapeake;VA;23321;8002077313;125751;
Childtime;1841 London Bridge Rd;Virginia Beach;VA;23453;8002194276;123511;
La Petite Academy;1233 Culver Ln;Virginia Beach;VA;23454;8002077313;125881;
La Petite Academy;1569 Mill Dam Rd;Virginia Beach;VA;23454;8002077313;125791;
Childtime;3725 Tiffany Ln;Virginia Beach;VA;23456;8002194276;123521;
Childtime;2528 Las Brisas Dr;Virginia Beach;VA;23456;8002194276;123531;
La Petite Academy;1921 S Independence Blvd;Virginia Beach;VA;23456;8002077313;125781;
Childtime;1506 Kempsville Rd;Virginia Beach;VA;23464;8002194276;123471;
Childtime;6048 Providence Rd;Virginia Beach;VA;23464;8002194276;123481;
Childtime;4908 Pleasant Valley Rd;Virginia Beach;VA;23464;8002194276;123501;
Childtime;2 Manhattan Square;Hampton;VA;23666;8002194276;123551;
La Petite Academy;715 E Little Back River Rd;Hampton;VA;23669;8002077313;125811;
Childtime;101 Kiln Creek Pkwy;Yorktown;VA;23693;8002194276;123571;
La Petite Academy;3903 Cedar Ln;Portsmouth;VA;23703;8002077313;125771;
Childtime;4311 Old Ln;Chester;VA;23831;8002194276;123541;
Childtime;10300 Memory Ln;Chesterfield;VA;23832;8002194276;123641;
La Petite Academy;110 Jonestown Rd;Winston-Salem;NC;27104;8002077313;351896;
La Petite Academy;2011 Bethabara Rd;Winston-Salem;NC;27106;8002077313;350996;
Childtime;1021 W Clemmonsville Rd;Winston-Salem;NC;27127;8002194276;352265;
Childcare Network #242;1307 E Fairfield Rd;High Point;NC;27263;8002235895;381322;
Childcare Network #237;5121 Mackay Road;Jamestown;NC;27282;8002235895;463944;
Childtime;4960 Piedmont Pkwy;Jamestown;NC;27282;8002194276;352264;
La Petite Academy;1975 W Mountain St;Kernersville;NC;27284;8002077313;348728;
Childcare Network #56;1405 West Friendly Avenue;Greensboro;NC;27403;8002235895;381040;
Childtime;3700 Battleground Ave;Greensboro;NC;27410;8002194276;460829;
La Petite Academy;2305 Fleming Rd;Greensboro;NC;27410;8002077313;350988;
La Petite Academy;955 W Chatham St;Cary;NC;27511;8002077313;350990;
La Petite Academy;104 Baines Ct;Cary;NC;27511;8002077313;352632;
Childcare Network #246;2029 Winston Road;Clayton;NC;27520;8002235895;460826;
Childcare Network #247;622 South Barbour Street;Clayton;NC;27520;8002235895;463946;
Childcare Network #248;100 East School Road;Clayton;NC;27527;8002235895;463947;
Childcare Network #249;55 Hawkesburg Drive;Clayton;NC;27527;8002235895;463948;
Childcare Network #236;1600 Benson Road;Garner;NC;27529;8002235895;381205;
La Petite Academy;1413 Aversboro Rd;Garner;NC;27529;8002077313;351284;
La Petite Academy;1420 Hedingham Blvd;Raleigh;NC;27604;8002077313;350994;
La Petite Academy;9313 Leesville Rd;Raleigh;NC;27613;8002077313;352633;
La Petite Academy;6601 Pleasant Pines Dr;Raleigh;NC;27613;8002077313;460846;
Childtime;9420 6 Forks Rd;Raleigh;NC;27615;8002194276;352262;
La Petite Academy;7601 Six Forks Rd;Raleigh;NC;27615;8002077313;350992;
La Petite Academy;4022 Wake Forest Hwy;Durham;NC;27703;8002077313;350986;
La Petite Academy;5115 Highgate Dr;Durham;NC;27713;8002077313;350984;
La Petite Academy;3505 S Ridge Ave;Concord;NC;28025;8002077313;348727;
Tutor Time;8333 Poplar Tent Rd;Concord;NC;28027;8002194278;350650;
Tutor Time;7486 Waterside Loop Rd;Denver;NC;28037;8002194278;460878;
Childcare Network #240;1750 Oak Hollow Rd;Gastonia;NC;28054;8002235895;463945;
Childtime;13805 Boren St;Huntersville;NC;28078;8002194276;351150;
La Petite Academy;102 Commerce Centre Dr;Huntersville;NC;28078;8002077313;349343;
Childtime;120 Business Park Dr;Indian Trail;NC;28079;8002194276;351718;
Tutor Time;2560 Plantation Center Dr;Matthews;NC;28105;8002194278;348809;
Childtime;1714 N Charlotte Ave;Monroe;NC;28110;8002194276;350802;
Tutor Time;122 Balmy Ln;Mooresville;NC;28117;8002194278;349235;
La Petite Academy;1203 Charles Rd;Shelby;NC;28152;8002077313;352629;
La Petite Academy;917 E W T Harris Blvd;Charlotte;NC;28213;8002077313;350982;
Tutor Time;7005 Tutor Street;Mint Hill;NC;28227;8002194278;381339;
Tutor Time;1720 J N Pease Pl;Charlotte;NC;28262;8002194278;348810;
La Petite Academy;9221 S Tryon St;Charlotte;NC;28273;8002077313;352635;
Tutor Time;13526 Erwin Rd;Charlotte;NC;28273;8002194278;350653;
Childcare Network #792;1111 Mount Pleasant Road;Swansboro;NC;28584;8002235895;381090;
Childtime;118 W Fire Tower Rd;Winterville;NC;28590;8002194276;352494;
Childcare Network #176;443 Weaverville Highway;Asheville;NC;28804;8002235895;381085;
La Petite Academy;4027 Platt Springs Rd;West Columbia;SC;29169;8002077313;354181;
La Petite Academy;7460 Garners Ferry Rd;Columbia;SC;29209;8002077313;460847;
La Petite Academy;2041 Clemson Rd;Columbia;SC;29229;8002077313;354512;
La Petite Academy;902 Nabors Dr;Charleston;SC;29412;8002077313;353674;
La Petite Academy;2523 Ashley River Rd;Charleston;SC;29414;8002077313;353847;
La Petite Academy;3608 Ashley Phosphate Road;North Charleston;SC;29418;8002077313;353900;
La Petite Academy;502 St James Ave;Goose Creek;SC;29445;8002077313;353588;
La Petite Academy;1665 N Main St;Summerville;SC;29483;8002077313;353608;
La Petite Academy;1664 Old Trolley Road;Summerville;SC;29485;8002077313;460898;
La Petite Academy;3501 Pine Needles Rd;Florence;SC;29501;8002077313;353404;
La Petite Academy;1518 Woodruff Rd;Greenville;SC;29607;8002077313;353683;
La Petite Academy;4805 Old Spartanburg Rd;Taylors;SC;29687;8002077313;460848;
Childtime;5075 Abbotts Bridge Rd #1100;Alpharetta;GA;30005;8002194276;264961;
Preston Ridge Montessori;3800 North Point Parkway;Alpharetta;GA;30005;8002094253;274391;
Childcare Network #241;2130 Bridgestone Business Pkwy;Conyers;GA;30012;8002235895;381321;
La Petite Academy;1750 Georgia 138;Conyers;GA;30012;8002077313;270001;
Childcare Network #245;405 Dacula Rd;Dacula;GA;30019;8002235895;463939;
Medlock Bridge Montessori;5815 Medlock Bridge Pkwy;Johns Creek;GA;30022;8002094253;272091;
Nesbit Ferry Montessori;9330 Nesbit Ferry Rd;Alpharetta;GA;30022;8002094253;272931;
La Petite Academy;3079 Panola Rd;Lithonia;GA;30038;8002077313;270051;
Childtime;2230 Hewatt Rd;Snellville;GA;30039;8002194276;460830;
Childtime;20 Patterson Rd SW;Lawrenceville;GA;30044;8002194276;264931;
Childtime;1795 Old Norcross Rd;Lawrenceville;GA;30044;8002194276;264971;
Childcare Network #243;54 Towler Road;Lawrenceville;GA;30046;8002235895;463938;
Childtime;4050 Darling CT SW;Lilburn;GA;30047;8002194276;264901;
Childtime;876 S Deshon Rd;Lithonia;GA;30058;8002194276;264941;
Childtime;2950 Horseshoe Bend Rd;Marietta;GA;30064;8002194276;264911;
La Petite Academy;1805 Williams Dr;Marietta;GA;30066;8002077313;270101;
La Petite Academy;2358 Shallowford Rd;Marietta;GA;30066;8002077313;270071;
Childcare Network #234;2350 Wisteria Drive;Snellville;GA;30078;8002235895;381034;
La Petite Academy;2154 Georgia 124;Snellville;GA;30078;8002077313;460849;
Tutor Time;3620 South Cobb Dr SE;Smyrna;GA;30080;8002194278;277311;
Childtime;501 Ridge Ave;Stone Mountain;GA;30083;8002194276;264891;
La Petite Academy;6275 Crooked Creek Rd NW;Norcross;GA;30092;8002077313;269991;
La Petite Academy;1231 Indian Trail Lilburn Rd;Norcross;GA;30093;8002077313;270021;
Childtime;2405 Meadowbrook Pkwy;Duluth;GA;30096;8002194276;264921;
Sugarloaf Montessori School;2270 Meadow Church Rd;Duluth;GA;30097;8002094253;276121;
Montessori at Brookstone;1680 Brookstone Walk NW;Acworth;GA;30101;8002094253;272411;
La Petite Academy;1806 Lee Rd;Lithia Springs;GA;30122;8002077313;270031;
La Petite Academy;4200 Steeplechase Dr;Powder Springs;GA;30127;8002077313;270081;
Childtime;3149 Cobb Pkwy N;Kennesaw;GA;30152;8002194276;264951;
La Petite Academy;1529 Mundys Mill Rd;Jonesboro;GA;30236;8002077313;270041;
Childcare Network #235;655 Strickland Road;Locust Grove;GA;30248;8002235895;381035;
La Petite Academy;7639 Taylor Rd;Riverdale;GA;30274;8002077313;270091;
Childcare Network #251;700 Flippen Road;Stockbridge;GA;30281;8002235895;463941;
La Petite Academy;115 Greencastle Rd;Tyrone;GA;30290;8002077313;460850;
Childcare Network #250;4689 Hardy McManus Road;Evans;GA;30809;8002235895;463940;
Childcare Network #252;1201 N. Houston Rd;Warner Robins;GA;31093;8002235895;463942;
Childcare Network #254;101 Westside Blvd;Pooler;GA;31322;8002235895;463943;
Childtime;1295 Middle School Rd;Kingsland;GA;31548;8002194276;264991;
Childtime;201 N Julia St;St. Marys;GA;31558;8002194276;264981;
Childcare Network #239;2001 Kia Boulevard;West Point;GA;31833;8002235895;463937;
Childtime;1510 Business Center Dr;Orange Park;FL;32003;8002194276;44752;
La Petite Academy;4321 U.S. 17;Fleming Island;FL;32003;8002077313;44771;
La Petite Academy;3150 County Road 220;Middleburg;FL;32068;8002077313;44770;
La Petite Academy;135 Nix Boat Yard Rd;St Augustine;FL;32084;8002077313;49863;
Tutor Time;125 Hampton Point Drive;St. Augustine;FL;32092;8002194278;49888;
La Petite Academy;650 Taylor Rd;Port Orange;FL;32127;8002077313;50411;
La Petite Academy;1428 State Road 40;Ormond Beach;FL;32174;8002077313;50412;
Tutor Time;751 Lady Lake Rd W;Jacksonville;FL;32218;8002194278;45379;
La Petite Academy;13957 Beach Blvd;Jacksonville;FL;32224;8002077313;45221;
Tutor Time;4783 Windsor Commons Ct;Jacksonville;FL;32224;8002194278;45380;
La Petite Academy;50 St Johns Bluff Rd N;Jacksonville;FL;32225;8002077313;45219;
La Petite Academy;800 Girvin Rd;Jacksonville;FL;32225;8002077313;45223;
Childtime;8500 Argyle Forest Blvd;Jacksonville;FL;32244;8002194276;45053;
La Petite Academy;6601 Argyle Forest Blvd;Jacksonville;FL;32244;8002077313;45222;
Tutor Time;8510 Watermill Blvd;Jacksonville;FL;32244;8002194278;45381;
La Petite Academy;9220 Golfside Dr;Jacksonville;FL;32256;8002077313;45220;
Childtime;9950 Old St Augustine Rd;Jacksonville;FL;32257;8002194276;45054;
Tutor Time;13734 Old Saint Augustine Road;Jacksonville;FL;32258;8002194278;45378;
La Petite Academy;9601 Pickwood Dr;Pensacola;FL;32514;8002077313;45466;
La Petite Academy;4400 Florida 20;Niceville;FL;32578;8002077313;48239;
La Petite Academy;2755 SW Archer Rd;Gainesville;FL;32608;8002077313;43840;
La Petite Academy;500 Sr 434;Altamonte Springs;FL;32714;8002077313;50212;
La Petite Academy;698 Deltona Blvd;Deltona;FL;32725;8002077313;50413;
La Petite Academy;3850 Lake Emma Rd;Lake Mary;FL;32746;8002077313;50213;
Childtime;1500 Swanson Dr;Oviedo;FL;32765;8002194276;50149;
Childtime;1001 S Semoran Blvd;Winter Park;FL;32792;8002194276;48345;
La Petite Academy;2650 Pembrook Dr;Orlando;FL;32810;8002077313;48470;
La Petite Academy;6573 Old Winter Garden Rd;Orlando;FL;32811;8002077313;48461;
La Petite Academy;5066 S Conway Rd;Orlando;FL;32812;8002077313;48464;
La Petite Academy;7698 Silver Star Rd;Orlando;FL;32818;8002077313;48463;
La Petite Academy;7303 Lake Underhill Road;Orlando;FL;32822;8002077313;48466;
La Petite Academy;401 Mark Twain Blvd;Orlando;FL;32828;8002077313;48465;
La Petite Academy;14524 Gatorland Dr;Orlando;FL;32837;8002077313;48468;
La Petite Academy;10936 S Trail Cir;Orlando;FL;32837;8002077313;48467;
La Petite Academy;2111 Franklin Dr NE;Palm Bay;FL;32905;8002077313;44068;
La Petite Academy;8200 Devereux Dr;Melbourne;FL;32940;8002077313;44069;
La Petite Academy;2200 North Courtenay Parkway;Merritt Island;FL;32953;8002077313;44070;
La Petite Academy;170 Barton Blvd;Rockledge;FL;32955;8002077313;44071;
La Petite Academy;1418 27th Ave;Vero Beach;FL;32960;8002077313;46181;
La Petite Academy;1900 N Douglas Rd;Pembroke Pines;FL;33024;8002077313;44397;
La Petite Academy;2610 S Douglas Rd;Miramar;FL;33025;8002077313;44401;
La Petite Academy;12151 SW 14th St;Pembroke Pines;FL;33025;8002077313;44399;
La Petite Academy;6750 W Atlantic Blvd;Margate;FL;33063;8002077313;44398;
La Petite Academy;3228 Holiday Springs Blvd;Margate;FL;33063;8002077313;44396;
La Petite Academy;6190 NW 7th St;Miami;FL;33126;8002077313;47469;
La Petite Academy;14901 SW 127th Ave;Miami;FL;33186;8002077313;47467;
La Petite Academy;21650 SW 98th Ave;Miami;FL;33190;8002077313;47466;
Childtime;8169 N Pine Island Rd;Tamarac;FL;33321;8002194276;44245;
Tutor Time;851 SW 78th Ave;Plantation;FL;33324;8002194278;44627;
Three Village Montessori;1400 Indian Trace Blvd;Weston;FL;33326;8002094253;50726;
La Petite Academy;153 Sparrow Dr;Royal Palm Beach;FL;33411;8002077313;48919;
La Petite Academy;10190 Calle Comercio;Boca Raton;FL;33428;8002077313;48921;
La Petite Academy;4885 Windward Passage Dr;Boynton Beach;FL;33436;8002077313;48920;
La Petite Academy;280 NW 45th Ave;Deerfield Bch;FL;33442;8002077313;44400;
West Glades Montessori;20400 Cain Blvd;Boca Raton;FL;33498;8002094253;49105;
La Petite Academy;606 E Windhorst Rd;Brandon;FL;33510;8002077313;45934;
La Petite Academy;808 W Bloomingdale Ave;Brandon;FL;33511;8002077313;45927;
La Petite Academy;10025 Cristina Dr;Riverview;FL;33569;8002077313;45926;
La Petite Academy;1011 Greenhollow Ln;Valrico;FL;33594;8002077313;45928;
La Petite Academy;3818 W Humphrey St;Tampa;FL;33614;8002077313;45929;
La Petite Academy;7511 Paula Dr;Tampa;FL;33615;8002077313;45931;
La Petite Academy;15707 Mapledale Drive;Tampa;FL;33624;8002077313;460851;
La Petite Academy;13502 S Village Dr;Tampa;FL;33624;8002077313;45933;
La Petite Academy;9005 Regents Park Dr;Tampa;FL;33647;8002077313;45932;
La Petite Academy;1880 N McMullen Booth Rd;Clearwater;FL;33759;8002077313;49367;
La Petite Academy;1940 Glendale St;Lakeland;FL;33803;8002077313;50614;
La Petite Academy;6919 53rd Ave E;Bradenton;FL;34203;8002077313;46865;
La Petite Academy;4301 37th St W;Bradenton;FL;34205;8002077313;46864;
La Petite Academy;4507 Vintage Dr;Sarasota;FL;34243;8002077313;46866;
La Petite Academy;6829 State Road 54;New Pt Richey;FL;34653;8002077313;49185;
La Petite Academy;12024 Cobblestone Dr;Hudson;FL;34667;8002077313;49184;
La Petite Academy;130 Buenaventura Blvd;Kissimmee;FL;34743;8002077313;48712;
La Petite Academy;2400 Mill Run Blvd;Kissimmee;FL;34744;8002077313;48711;
La Petite Academy;2825 Alice Blvd;Kissimmee;FL;34746;8002077313;48710;
La Petite Academy;11002 Winshire Blvd;Ocoee;FL;34761;8002077313;48469;
La Petite Academy;842 SW Glenview Ct;Port St Lucie;FL;34953;8002077313;49933;
La Petite Academy;410 SW Bethany Dr;Port St Lucie;FL;34986;8002077313;49932;
La Petite Academy;2825 U.S. 31;Pelham;AL;35124;8002077313;366838;
La Petite Academy;2041 Brookwood Medical Center Dr;Birmingham;AL;35209;8002077313;366797;
La Petite Academy;5640 Chalkville Mountain Rd;Birmingham;AL;35235;8002077313;366799;
La Petite Academy;2330 John Hawkins Pkwy;Birmingham;AL;35244;8002077313;366800;
La Petite Academy;2122 Westmead St SW;Decatur;AL;35603;8002077313;366762;
La Petite Academy;103 W Dublin Dr;Madison;AL;35758;8002077313;460852;
La Petite Academy;5045 Technology Dr NW;Huntsville;AL;35805;8002077313;366743;
La Petite Academy;955 Hillcrest Rd;Mobile;AL;36695;8002077313;366758;
La Petite Academy;708 S. Dickerson Rd.;Goodlettsville;TN;37072;8002077313;357266;
La Petite Academy;65 Pleasant Grove Rd;Mt. Juliet;TN;37122;8002077313;359808;
La Petite Academy;342 W Northfield Blvd;Murfreesboro;TN;37129;8002077313;358580;
La Petite Academy;100 Matterhorn Dr;Old Hickory;TN;37138;8002077313;359827;
La Petite Academy;1212 Hazelwood Dr;Smyrna;TN;37167;8002077313;358637;
La Petite Academy;1842 Old Murfreesboro Rd;Nashville;TN;37217;8002077313;357534;
La Petite Academy;2220 Candies Ln;Cleveland;TN;37312;8002077313;356959;
La Petite Academy;112 Tulsa Rd;Oak Ridge;TN;37830;8002077313;359990;
La Petite Academy;9001 George Williams Rd;Knoxville;TN;37922;8002077313;357998;
La Petite Academy;11308 Station W Dr;Knoxville;TN;37922;8002077313;358042;
La Petite Academy;9130 Bagley Ln;Knoxville;TN;37923;8002077313;357995;
La Petite Academy;6915 Harrell Rd;Knoxville;TN;37931;8002077313;358012;
La Petite Academy;712 E Emory Rd;Knoxville;TN;37938;8002077313;358058;
La Petite Academy;310 Poplar View Pkwy;Collierville;TN;38017;8002077313;358754;
La Petite Academy;330 S Walnut Bend Rd;Cordova;TN;38018;8002077313;358764;
La Petite Academy;2914 Hickory Hill Rd;Memphis;TN;38115;8002077313;381335;
La Petite Academy;8037 Meadow Vale Dr;Memphis;TN;38125;8002077313;460853;
La Petite Academy;2857 Coleman Rd;Memphis;TN;38128;8002077313;359907;
La Petite Academy;4125 New Allen Rd;Memphis;TN;38128;8002077313;460854;
La Petite Academy;4744 Riverdale Rd;Memphis;TN;38141;8002077313;460855;
La Petite Academy;2563 Goodman Rd W;Horn Lake;MS;38637;8002077313;372876;
La Petite Academy;10900 Nichols Blvd;Olive Branch;MS;38654;8002077313;372874;
La Petite Academy;9505 U.S. Hwy 42;Prospect;KY;40059;8002077313;297341;
La Petite Academy;10501 Timberwood Cir;Louisville;KY;40223;8002077313;289121;
La Petite Academy;1009 Wellington Way;Lexington;KY;40513;8002077313;294481;
La Petite Academy;1101 Wilkinson Trace;Bowling Green;KY;42104;8002077313;303281;
La Petite Academy;50 Bannockburn Blvd;Blacklick;OH;43004;8002077313;2692;
La Petite Academy;7135 Sawmill Rd;Dublin;OH;43017;8002077313;2855;
La Petite Academy;3710 Ridge Mill Dr;Hilliard;OH;43026;8002077313;2900;
Childtime;170 E Broad St;Pataskala;OH;43062;8002194276;3633;
La Petite Academy;7474 Sawmill Pkwy;Powell;OH;43065;8002077313;2165;
La Petite Academy;4426 Valley Quail Blvd S;Westerville;OH;43081;8002077313;2929;
La Petite Academy;130 Polaris Pkwy;Westerville;OH;43081;8002077313;2148;
La Petite Academy;12968 Stonecreek Dr;Pickerington;OH;43147;8002077313;2262;
Childtime;6660 Doubletree Ave;Columbus;OH;43229;8002194276;2719;
La Petite Academy;909 Polaris Pkwy;Columbus;OH;43240;8002077313;2138;
La Petite Academy;2935 East Rocket Drive;Toledo;OH;43606;8002077313;460856;
Childtime;28787 Lorain Rd;North Olmsted;OH;44070;8002194276;1665;
Childtime;3365 Richmond Rd #260;Beachwood;OH;44122;8002194276;1701;
Tutor Time;19880 W 130th St;Strongsville;OH;44136;8002194278;1900;
Childtime;6233 Smith Rd;Brook Park;OH;44142;8002194276;1719;
Childtime;270 Best St;Bedford;OH;44146;8002194276;1706;
Childtime;1189 Tallmadge Rd;Cuyahoga Falls;OH;44221;8002194276;4992;
Childtime;186 Portage Trail Extension W;Cuyahoga Falls;OH;44223;8002194276;4990;
Childtime;2691 21st St;Cuyahoga Falls;OH;44223;8002194276;4987;
Childtime;3101 Graham Road;Stow;OH;44224;8002194276;5277;
Childtime;2145 Eastwood Ave;Akron;OH;44305;8002194276;5304;
Childtime;2546 Leland Ave;Akron;OH;44312;8002194276;5306;
Childtime;2645 Manchester Rd;Akron;OH;44319;8002194276;5303;
Childtime;555 White Pond Dr;Akron;OH;44320;8002194276;5308;
Childtime;3475 Embassy Pkwy;Fairlawn;OH;44333;8002194276;4998;
Childtime;145 N Trimble Rd;Mansfield;OH;44906;8002194276;4746;
Childtime;4922 Hamilton Mason Rd;Liberty Township;OH;45011;8002194276;444;
Childtime;595 Western Row Rd;Mason;OH;45040;8002194276;380;
Childtime;755 Cold Water Dr;Monroe;OH;45050;8002194276;494;
La Petite Academy;8339 Beckett Park Drive;West Chester Township;OH;45069;8002077313;426;
Tutor Time;7218 Liberty Way;West Chester;OH;45069;8002194278;586;
Childtime;550 Main Street;Cincinnati;OH;45202;8002194276;80;
Childtime;312 Walnut Street #100;Cincinnati;OH;45202;8002194276;81;
Childtime;10631 Techwoods Circle;Blue Ash;OH;45242;8002194276;22;
La Petite Academy;100 W Wenger Rd;Englewood;OH;45322;8002077313;4456;
Childtime;1000 Rainbow Ct;Fairborn;OH;45324;8002194276;2375;
La Petite Academy;2900 W Spring Valley Pike;Miamisburg;OH;45342;8002077313;4481;
La Petite Academy;17 Apple Blossom Place;Dayton;OH;45440;8002077313;2370;
Childtime;6375 Clyo Rd;Centerville;OH;45458;8002194276;1326;
La Petite Academy;9755 Dayton Lebanon Pike;Washington;OH;45458;8002077313;460857;
Childtime;10708 Alliance Dr;Camby;IN;46113;8002194276;38409;
Childtime;1169 Avon Avenue;Avon;IN;46123;8002194276;38408;
La Petite Academy;125 North County Road 800 E;Avon;IN;46123;8002077313;460858;
Childtime;565 Tracy Rd;Whiteland;IN;46184;8002194276;38489;
La Petite Academy;South Emerson Avenue;Indianapolis;IN;46203;8002077313;460859;
La Petite Academy;8860 E 10th St;Indianapolis;IN;46219;8002077313;460860;
La Petite Academy;4116 Kildeer Dr;Indianapolis;IN;46237;8002077313;460861;
La Petite Academy;3836 Shore Dr;Indianapolis;IN;46254;8002077313;381340;
La Petite Academy;131 Venturi Dr;Chesterton;IN;46304;8002077313;460862;
La Petite Academy;130 Catalpa Dr E;Mishawaka;IN;46545;8002077313;460863;
La Petite Academy;521 N St Joseph St;South Bend;IN;46601;8002077313;460864;
La Petite Academy;7219 Engle Rd;Fort Wayne;IN;46804;8002077313;38072;
Childtime;16500 24 Mile Rd;Macomb Township;MI;48042;8002194276;41337;
Childtime;31480 23 Mile Rd;Chesterfield Twp;MI;48047;8002194276;460889;
Childtime;15636 J L Hudson Dr;Southfield;MI;48075;8002194276;41918;
Childtime;27900 Evergreen Rd;Lathrup Village;MI;48076;8002194276;41917;
Childtime;150 E Long Lake Rd;Troy;MI;48085;8002194276;460831;
Childtime;4533 Crooks Rd;Troy;MI;48098;8002194276;41919;
Tutor Time;2380 Oak Valley Dr;Ann Arbor;MI;48103;8002194278;42780;
Childtime;4220 Plymouth Rd;Ann Arbor;MI;48106;8002194276;42635;
Childtime;6051 Mercury Drive;Dearborn;MI;48126;8002194276;460890;
Childtime;20804 Halsted Rd;Northville;MI;48167;8002194276;460832;
Childtime;47300 Port St;Plymouth;MI;48170;8002194276;42834;
Childtime;45678 Helm St;Plymouth;MI;48170;8002194276;460833;
Childtime;34203 Ford Rd;Westland;MI;48185;8002194276;42830;
Childtime;3101 N Lilley Rd;Canton;MI;48187;8002194276;42831;
Tutor Time;951 N Canton Center Rd;Canton;MI;48187;8002194278;460879;
Childtime;49810 Cherry Hill Road;Canton;MI;48188;8002194276;42832;
Tutor Time;2914 S Canton Center Rd;Canton;MI;48188;8002194278;460880;
Childtime;3031 W Grand Blvd;Detroit;MI;48202;8002194276;460891;
Childtime;19251 Mack Ave;Grosse Pointe Woods;MI;48236;8002194276;42833;
Childtime;500 Renaissance Drive West;Detroit;MI;48243;8002194276;42835;
Tutor Time;8305 E 14 Mile Rd;Sterling Heights;MI;48312;8002194278;460881;
Tutor Time;33055 Hayes Rd;Sterling Heights;MI;48312;8002194278;41497;
Childtime;49143 Hayes Rd;Shelby Township;MI;48315;8002194276;41338;
Tutor Time;47177 Hayes Rd;Shelby Township;MI;48315;8002194278;41498;
Childtime;5959 24 Mile Rd;Shelby Township;MI;48316;8002194276;460892;
Tutor Time;6799 Daly Road;West Bloomfield Township;MI;48322;8002194278;42075;
Childtime;36730 W 12 Mile Rd;Farmington Hills;MI;48331;8002194276;460834;
Tutor Time;24440 Orchard Lake Rd;Farmington Hills;MI;48336;8002194278;460882;
Childtime;5230 Bogie Lake Rd;Commerce Township;MI;48382;8002194276;381332;
Tutor Time;8011 Commerce Road;Commerce Township;MI;48382;8002194278;381338;
Tutor Time;1230 N Pontiac Trail;Walled Lake;MI;48390;8002194278;42076;
Tutor Time;1150 Commerce Park Dr;Dewitt;MI;48820;8002194278;39859;
Tutor Time;2273 Club Meridian Dr;Okemos;MI;48864;8002194278;40436;
Childtime;920 Jerome St;Lansing;MI;48912;8002194276;40328;
Tutor Time;6500 Constitution Blvd;Portage;MI;49024;8002194278;40735;
Tutor Time;598 Baldwin St;Jenison;MI;49428;8002194278;42257;
Childtime;3916 52nd Street SE;Kentwood;MI;49508;8002194276;40784;
Tutor Time;3280 Grand Ridge Dr NE;Grand Rapids;MI;49525;8002194278;460883;
Childtime;1901 East Paris Ave SE;Grand Rapids;MI;49546;8002194276;40783;
Tutor Time;6690 Old 28th St SE;Grand Rapids;MI;49546;8002194278;40931;
Childtime;718 NE Grant St;Ankeny;IA;50021;8002194276;370194;
La Petite Academy;929 E 1st St;Ankeny;IA;50021;8002077313;370893;
Childtime;610 Center St;Des Moines;IA;50309;8002194276;370734;
La Petite Academy;5708 SW 9th St;Des Moines;IA;50315;8002077313;370755;
La Petite Academy;1504 Mall Dr;Iowa City;IA;52240;8002077313;370421;
La Petite Academy;1350 Blairs Ferry Rd;Cedar Rapids;IA;52402;8002077313;370293;
La Petite Academy;10320 74th St;Kenosha;WI;53142;8002077313;346128;
La Petite Academy;20550 Watertown Rd;Waukesha;WI;53186;8002077313;346126;
La Petite Academy;1821 Woodburn Rd;Waukesha;WI;53188;8002077313;346127;
La Petite Academy;11 Karl Ave;Belleville;WI;53508;8002077313;346122;
La Petite Academy;665 E Netherwood St;Oregon;WI;53575;8002077313;346124;
La Petite Academy;635 Lincoln Ave;Stoughton;WI;53589;8002077313;346120;
La Petite Academy;2380 Montana Ave;Sun Prairie;WI;53590;8002077313;345689;
La Petite Academy;220 Cross Country Rd;Verona;WI;53593;8002077313;346125;
La Petite Academy;5896 Woodland Dr;Waunakee;WI;53597;8002077313;345691;
La Petite Academy;5574 Lacy Rd;Fitchburg;WI;53711;8002077313;460865;
La Petite Academy;6514 Schroeder Rd;Madison;WI;53711;8002077313;346121;
La Petite Academy;6500 Bridge Rd;Monona;WI;53713;8002077313;345688;
La Petite Academy;1222 Fourier Dr;Madison;WI;53717;8002077313;346158;
La Petite Academy;970 North Gammon Road;Madison;WI;53717;8002077313;346157;
La Petite Academy;202 S Gammon Rd;Madison;WI;53717;8002077313;346159;
La Petite Academy;3801 S Dutch Mill Rd;Madison;WI;53718;8002077313;346123;
Tutor Time;7071 East Point Douglas Road;Cottage Grove;MN;55016;8002194278;189081;
Tutor Time;9475 176th St W;Lakeville;MN;55044;8002194278;189051;
La Petite Academy;1770 Grand Ave;St Paul;MN;55105;8002077313;189071;
Tutor Time;4673 White Bear Pkwy;White Bear Lake;MN;55110;8002194278;189011;
Tutor Time;14370 Glenda Dr;Apple Valley;MN;55124;8002194278;189001;
Tutor Time;3390 Bunker Lake Blvd NW;Andover;MN;55304;8002194278;189021;
Tutor Time;6340 Wedgwood Road North;Maple Grove;MN;55311;8002194278;189091;
Tutor Time;6251 110th Ave N;Champlin;MN;55316;8002194278;189031;
La Petite Academy;9440 N 36th Ave;New Hope;MN;55427;8002077313;189061;
Tutor Time;1570 109th Ave NE;Blaine;MN;55449;8002194278;189041;
La Petite Academy;190 North Il Route 31;Crystal Lake;IL;60014;8002077313;66391;
Childtime;4201 W Medical Center Dr;McHenry;IL;60050;8002194276;71761;
La Petite Academy;N Illinois Route 83;Round Lake Beach;IL;60073;8002077313;65101;
Tutor Time;234 West Lake Street;Bloomingdale;IL;60108;8002194278;68201;
Tutor Time;850 E Main St;East Dundee;IL;60118;8002194278;76761;
Childtime;364 Geneva Rd;Glen Ellyn;IL;60137;8002194276;70861;
Tutor Time;1335 N Arlington Heights Rd;Itasca;IL;60143;8002194278;460884;
La Petite Academy;4540 Algonquin Rd;Lake In The Hills;IL;60156;8002077313;72161;
Childtime;127 E St Charles Rd;Villa Park;IL;60181;8002194276;63991;
La Petite Academy;651 Windsor Dr;Schaumburg;IL;60193;8002077313;74701;
Childtime;355 Ridge Ave;Evanston;IL;60202;8002194276;70711;
La Petite Academy;2120 Calistoga Dr;New Lenox;IL;60451;8002077313;96371;
La Petite Academy;14225 S Bell Rd;Homer Glen;IL;60491;8002077313;96491;
Aurora Montessori;3180 N Aurora Rd;Aurora;IL;60504;8002094253;70031;
La Petite Academy;2441 W Sullivan Rd;Aurora;IL;60506;8002077313;381333;
Tutor Time;460 75th St;Downers Grove;IL;60516;8002194278;460885;
La Petite Academy;1260 Douglas Road;Oswego;IL;60543;8002077313;63961;
Childtime;2015 95th St;Naperville;IL;60564;8002194276;66911;
Naperville Montessori;2936 Artesian Rd;Naperville;IL;60564;8002094253;85331;
La Petite Academy;2345 Illinois Route 59;Plainfield;IL;60586;8002077313;460866;
Cornerstone Children's Learning Center;1111 North Wells;Chicago;IL;60610;8002194276;56551;
La Petite Academy;1607 N Hershey Rd;Bloomington;IL;61704;8002077313;65451;
La Petite Academy;1713 Broadmoor Dr;Champaign;IL;61821;8002077313;65901;
La Petite Academy;2 Auerbach Pl;Glen Carbon;IL;62034;8002077313;66701;
La Petite Academy;2390 Lebanon Ave;Belleville;IL;62221;8002077313;68251;
La Petite Academy;940 Talon Dr;O'fallon;IL;62269;8002077313;77391;
Childtime;2130 Michigan Avenue;Arnold;MO;63010;8002194276;343049;
La Petite Academy;3607 Richardson Square Dr;Arnold;MO;63010;8002077313;344903;
La Petite Academy;1000 Brookwood Center;Fenton;MO;63026;8002077313;343668;
La Petite Academy;2010 Missouri 7;Blue Springs;MO;64014;8002077313;343863;
La Petite Academy;3701 SW Cheddington Dr;Lee's Summit;MO;64082;8002077313;343427;
La Petite Academy;404 NE 76th St;Gladstone;MO;64118;8002077313;343927;
La Petite Academy;401 E Red Bridge Rd;Kansas City;MO;64131;8002077313;344937;
La Petite Academy;5809 NW 64th Terrace;Kansas City;MO;64151;8002077313;342503;
La Petite Academy;9371 N Oak Trafficway;Kansas City;MO;64155;8002077313;344246;
La Petite Academy;9071 NE 81st Terrace;Kansas City;MO;64158;8002077313;381334;
La Petite Academy;719 N 36th St;St Joseph;MO;64506;8002077313;344049;
La Petite Academy;2002 E 32nd St;Joplin;MO;64804;8002077313;343645;
La Petite Academy;1714 S Enterprise Ave;Springfield;MO;65804;8002077313;343323;
La Petite Academy;3200 Clinton Pkwy Ct;Lawrence;KS;66047;8002077313;361963;
La Petite Academy;3211 W 6th St;Lawrence;KS;66049;8002077313;361964;
La Petite Academy;1825 N Ridgeview Rd;Olathe;KS;66061;8002077313;361211;
La Petite Academy;1810 S Scarborough St;Olathe;KS;66062;8002077313;361212;
La Petite Academy;6410 Antioch;Merriam;KS;66202;8002077313;361217;
La Petite Academy;11114 Antioch Rd;Overland Park;KS;66210;8002077313;361213;
La Petite Academy;8621 W 96th St;Overland Park;KS;66212;8002077313;361220;
La Petite Academy;15039 W 86th St;Lenexa;KS;66215;8002077313;361223;
La Petite Academy;12850 W 63rd St;Shawnee;KS;66216;8002077313;361215;
Blue Valley Montessori;11100 W 135th St;Overland Park;KS;66221;8002094253;361168;
La Petite Academy;15012 Newton Drive;Overland Park;KS;66223;8002077313;361209;
La Petite Academy;22211 W 66th St;Shawnee;KS;66226;8002077313;361221;
La Petite Academy;3325 SW Gage Blvd;Topeka;KS;66614;8002077313;361506;
La Petite Academy;431 N Waco Ave;Wichita;KS;67202;8002077313;460867;
Tutor Time;7026 West 21st St N;Wichita;KS;67205;8002194278;361474;
La Petite Academy;7431 East 21st St N;Wichita;KS;67206;8002077313;361447;
Tutor Time;10710 West Maple Street;Wichita;KS;67209;8002194278;361475;
La Petite Academy;11328 South 96th Street;Papillion;NE;68046;8002077313;365822;
La Petite Academy;3005 Comstock Ave;Bellevue;NE;68123;8002077313;365811;
La Petite Academy;10707 Birch St;Omaha;NE;68134;8002077313;365808;
La Petite Academy;5444 S 138th St;Omaha;NE;68137;8002077313;365813;
La Petite Academy;10909 Q St;Omaha;NE;68137;8002077313;365809;
La Petite Academy;2519 S 140th St;Omaha;NE;68144;8002077313;365815;
La Petite Academy;14406 California St;Omaha;NE;68154;8002077313;365817;
La Petite Academy;6632 Taylor Park Dr;Lincoln;NE;68510;8002077313;365821;
La Petite Academy;2700 Jameson N;Lincoln;NE;68516;8002077313;365819;
Childcare Network #238;408 South Reynolds Road;Bryant;AR;72022;8002235895;381206;
La Petite Academy;3686 N Front St;Fayetteville;AR;72703;8002077313;375612;
La Petite Academy;215 N Walton Blvd;Bentonville;AR;72712;8002077313;375594;
La Petite Academy;1100 N Kelly Ave;Edmond;OK;73003;8002077313;363894;
Childcare Network #199;14300 North Western Avenue;Edmond;OK;73013;8002235895;381091;
Childcare Network #200;1909 East 15th Street;Edmond;OK;73013;8002235895;381092;
Childtime;1201 W 15th St;Edmond;OK;73013;8002194276;460835;
La Petite Academy;100 E 33rd St;Edmond;OK;73013;8002077313;363168;
Childtime;425 N Bryant Ave;Edmond;OK;73034;8002194276;460893;
La Petite Academy;16301 N Santa Fe Ave;Edmond;OK;73034;8002077313;362965;
La Petite Academy;1950 E. Alameda;Norman;OK;73071;8002077313;363326;
La Petite Academy;3300 W Robinson St;Norman;OK;73072;8002077313;363327;
La Petite Academy;11500 W Reno Ave;Yukon;OK;73099;8002077313;363959;
La Petite Academy;4324 Caravel Dr;Yukon;OK;73099;8002077313;363335;
La Petite Academy;613 Ottawa Pl;Yukon;OK;73099;8002077313;363337;
Childcare Network #204;1050 SW Grand Boulevard;Oklahoma City;OK;73109;8002235895;381096;
La Petite Academy;8821 E Reno Ave;Midwest City;OK;73110;8002077313;362692;
La Petite Academy;2938 SW 59th St;Oklahoma City;OK;73119;8002077313;362785;
Childtime;11624 North Pennsylvania Avenue;Oklahoma City;OK;73120;8002194276;460894;
La Petite Academy;1505 S Post Rd;Midwest City;OK;73130;8002077313;363324;
Childcare Network #203;7901 NW 85th Terrace;Oklahoma City;OK;73132;8002235895;381095;
Childtime;8221 W Britton Rd;Oklahoma City;OK;73132;8002194276;460895;
Childcare Network #202;3232 NW 150th Street;Oklahoma City;OK;73134;8002235895;381094;
Childcare Network #201;4500 East I-240 Service Road;Oklahoma City;OK;73135;8002235895;381093;
Childtime;10212 S Western Ave;Oklahoma City;OK;73139;8002194276;460896;
La Petite Academy;1221 SW 74th St;Oklahoma City;OK;73139;8002077313;363333;
Childtime;8805 S May Ave;Oklahoma City;OK;73159;8002194276;460836;
La Petite Academy;1424 Southwest 104th Street;Oklahoma City;OK;73159;8002077313;363329;
La Petite Academy;609 SE 4th St;Moore;OK;73160;8002077313;363322;
Childtime;11524 N Rockwell Ave;Oklahoma City;OK;73162;8002194276;460897;
La Petite Academy;12100 Warwick Dr;Oklahoma City;OK;73162;8002077313;363331;
La Petite Academy;7824 NW 94th St;Oklahoma City;OK;73162;8002077313;364199;
La Petite Academy;13200 S Western Ave;Oklahoma City;OK;73170;8002077313;362694;
La Petite Academy;812 N 15th St;Broken Arrow;OK;74012;8002077313;219751;
La Petite Academy;1950 S 131st E Ave;Tulsa;OK;74108;8002077313;364204;
Carrollton Montessori School;1938 E Hebron Pkwy;Carrollton;TX;75007;8002094253;24191;
Childtime;1028 Mac Arthur Dr;Carrollton;TX;75007;8002194276;24610;
La Petite Academy;1835 Frankford Road;Carrollton;TX;75007;8002077313;28301;
The Children's Courtyard;129 West Town Center Dr.;Coppell;TX;75019;8002094245;31782;
The Children's Courtyard;3700 Flower Mound Road;Flower Mound;TX;75022;8002094245;31809;
Preston Meadows Montessori School;6912 Ohio Dr;Plano;TX;75024;8002094253;30300;
The Children's Courtyard;8001 Parkwood Blvd;Plano;TX;75024;8002094245;31783;
The Children's Courtyard;2501 Morriss Rd;Flower Mound;TX;75028;8002094245;31798;
The Children's Courtyard;2550 S Garden Ridge Blvd;Flower Mound;TX;75028;8002094245;31765;
Childtime;985 W Brand Rd;Garland;TX;75040;8002194276;24587;
La Petite Academy;290 W Westchester Pkwy;Grand Prairie;TX;75052;8002077313;28294;
The Children's Courtyard;708 West Polo Road;Grand Prairie;TX;75052;8002094245;31804;
The Children's Courtyard;4285 S Carrier Pkwy;Grand Prairie;TX;75052;8002094245;31792;
La Petite Academy;5900 Paige Rd;The Colony;TX;75056;8002077313;28289;
Montessori of Las Colinas;4961 North O'Connor Road;Irving;TX;75062;8002094253;29487;
The Children's Courtyard;8560 Esters Blvd;Irving;TX;75063;8002094245;31764;
The Children's Courtyard;8909 West Valley Ranch;Irving;TX;75063;8002094245;31767;
Childtime;1597 Glencairn Ln;Lewisville;TX;75067;8002194276;24591;
Childtime;249 E Round Grove Rd;Lewisville;TX;75067;8002194276;24586;
The Children's Courtyard;2155 Willow Grove Dr;Lewisville;TX;75067;8002094245;31789;
The Children's Courtyard Master School;2160 S Edmonds Ln;Lewisville;TX;75067;8002094245;31768;
La Petite Academy;1137 E Park Blvd;Plano;TX;75074;8002077313;28287;
The Children's Courtyard;1504 N Garden Ridge Blvd;Lewisville;TX;75077;8002094245;31793;
Tutor Time;2910 Justin Road;Lewisville;TX;75077;8002194278;32294;
Childtime;8100 Miller Rd;Rowlett;TX;75088;8002194276;24590;
Childtime;550 W Danieldale Rd;Duncanville;TX;75137;8002194276;24589;
Childtime;4111 N Galloway Ave;Mesquite;TX;75150;8002194276;24592;
La Petite Academy;910 Clay Mathis Rd;Mesquite;TX;75181;8002077313;28290;
Childcare Network #244;240 S. Collins Rd.;Sunnyvale;TX;75182;8002235895;463950;
The Children's Courtyard;8131 Matlock Rd;Arlington;TX;76002;8002094245;31784;
The Children's Courtyard;2501 Ballpark Way;Arlington;TX;76006;8002094245;24394;
The Children's Courtyard;1115 W Lamar Blvd;Arlington;TX;76012;8002094245;24473;
Childtime;1505 West Arkansas Lane;Arlington;TX;76013;8002194276;24596;
The Children's Courtyard;4400 W Pleasant Ridge Rd;Arlington;TX;76016;8002094245;24474;
Childtime;4600 Garden Corner Rd;Arlington;TX;76017;8002194276;24599;
The Children's Courtyard;1865 Wimbledon Dr;Arlington;TX;76017;8002094245;31790;
The Children's Courtyard;1825 Wimbledon Dr;Arlington;TX;76017;8002094245;31788;
Childtime;811 SE Pkwy;Arlington;TX;76018;8002194276;24595;
Montessori at the Courtyard;2804 Central Dr;Bedford;TX;76021;8002094253;381336;
The Children's Courtyard;2800 Central Dr;Bedford;TX;76021;8002094245;24472;
Colleyville Montessori;4700 Glade Creek Dr;Colleyville;TX;76034;8002094253;24737;
Tutor Time;4301 Pool Rd;Colleyville;TX;76034;8002194278;32297;
La Petite Academy;1315 N Main St;Euless;TX;76039;8002077313;28310;
The Children's Courtyard;1950 Glade Rd;Grapevine;TX;76051;8002094245;31791;
The Children's Courtyard;600 Mid Cities Blvd;Hurst;TX;76054;8002094245;31787;
The Children's Courtyard;3701 E Broad St;Mansfield;TX;76063;8002094245;31805;
The Children's Courtyard;1601 Corporate Cir;Southlake;TX;76092;8002094245;31786;
La Petite Academy;9917 White Settlement Rd;Fort Worth;TX;76108;8002077313;28296;
Childtime;1408 Morrison Dr;Fort Worth;TX;76112;8002194276;24598;
La Petite Academy;8603 S Normandale St;Fort Worth;TX;76116;8002077313;28295;
Childtime;8701 Meadowbrook Blvd;Fort Worth;TX;76120;8002194276;24597;
The Children's Courtyard;8701 S Hulen St;Fort Worth;TX;76123;8002094245;24479;
The Children's Courtyard;901 Harmon Rd;Fort Worth;TX;76131;8002094245;31802;
The Children's Courtyard;2301 Western Center Boulevard;Fort Worth;TX;76131;8002094245;31795;
La Petite Academy;4151 Crosslands Rd;Benbrook;TX;76132;8002077313;28305;
The Children's Courtyard;6200 Bryant Irvin Rd;Fort Worth;TX;76132;8002094245;31794;
La Petite Academy;1300 W Everman Pkwy;Fort Worth;TX;76134;8002077313;28314;
La Petite Academy;5432 Basswood Blvd;Fort Worth;TX;76137;8002077313;28302;
The Children's Courtyard;4500 Silver Sage Dr;Fort Worth;TX;76137;8002094245;31797;
La Petite Academy;7300 Forest Hill Dr;Fort Worth;TX;76140;8002077313;28322;
The Children's Courtyard;3955 Reggis Ct;Fort Worth;TX;76155;8002094245;31796;
The Children's Courtyard;4500 Alliance Gateway Fwy;Fort Worth;TX;76177;8002094245;31785;
The Children's Courtyard;7515 Smithfield Road;North Richland Hills;TX;76182;8002094245;24486;
Corinth Montessori School;1300 Pecan Creek Cir;Denton;TX;76210;8002094253;24840;
The Children's Courtyard;1255 Rufe Snow Drive;Keller;TX;76248;8002094245;31810;
La Petite Academy;1810 West 18th Street;Houston;TX;77008;8002077313;28304;
La Petite Academy;225 Benmar Dr;Houston;TX;77060;8002077313;28303;
Childtime;9110 Jones Rd;Houston;TX;77065;8002194276;24601;
La Petite Academy;11803 Briar Forest Drive;Houston;TX;77077;8002077313;28325;
La Petite Academy;16002 Clay Rd;Houston;TX;77084;8002077313;28326;
The Children's Courtyard;16255 Longenbaugh Dr;Houston;TX;77095;8002094245;24477;
The Children's Courtyard Master School;16255 Longenbaugh;Houston;TX;77095;8002094245;24490;
West Montessori School of Copperfield;15810 Longenbaugh Dr;Houston;TX;77095;8002094253;32541;
Childtime;3420 Tree Ln;Kingwood;TX;77339;8002194276;24609;
Childtime;4018 Feather Lakes Way;Kingwood;TX;77339;8002194276;24606;
La Petite Academy;2025 Northpark Dr;Kingwood;TX;77339;8002077313;28286;
Atascocita Montessori School;19120 W Lake Houston Pkwy;Humble;TX;77346;8002094253;23514;
La Petite Academy;5007 Treaschwig Rd;Spring;TX;77373;8002077313;28291;
The Children's Courtyard;9144 Louetta Rd;Spring;TX;77379;8002094245;24378;
The Children's Courtyard;10505 Six Pines;The Woodlands;TX;77380;8002094245;24388;
The Woodlands Montessori School;1201 Many Pines Road;The Woodlands;TX;77380;8002094253;32684;
The Children's Courtyard;8401 Kuykendahl Rd;The Woodlands;TX;77382;8002094245;24390;
La Petite Academy;8063 E North Belt;Humble;TX;77396;8002077313;28323;
La Petite Academy;13903 Cypress North Houston Rd;Cypress;TX;77429;8002077313;28297;
La Petite Academy;15255 Mason Rd;Cypress;TX;77429;8002077313;28300;
Longwood Montessori;12839 Louetta Rd;Cypress;TX;77429;8002094253;29058;
Childtime;3170 N Fry Rd;Katy;TX;77449;8002194276;24603;
Childtime;22022 Highland Knolls Dr;Katy;TX;77450;8002194276;24608;
Cinco Ranch Montessori School;2530 Peek Road;Katy;TX;77450;8002094253;24665;
La Petite Academy;838 Eldridge Rd;Sugar Land;TX;77478;8002077313;28292;
Childtime;4418 Sweetwater Blvd;Sugar Land;TX;77479;8002194276;24600;
First Colony Montessori South;2511 Williams Trace Blvd;Sugar Land;TX;77479;8002094253;25680;
Greatwood Montessori;6633 Greatwood Pkwy;Sugar Land;TX;77479;8002094253;26717;
New Territory Montessori School;4935 Sandhill Dr;Sugar Land;TX;77479;8002094253;24605;
La Petite Academy;8414 Spencer;La Porte;TX;77571;8002077313;28327;
La Petite Academy;829 Toepperwein Rd;Converse;TX;78109;8002077313;28328;
La Petite Academy;1201 Savannah Dr;Schertz;TX;78154;8002077313;28318;
La Petite Academy;318 West Sunset Road;San Antonio;TX;78209;8002077313;28320;
La Petite Academy;1107 W Bitters Rd;San Antonio;TX;78216;8002077313;28315;
La Petite Academy;700 Rayburn Dr;San Antonio;TX;78221;8002077313;28317;
La Petite Academy;8796 Marbach Rd;San Antonio;TX;78227;8002077313;28293;
La Petite Academy;5718 Eckhert Rd;San Antonio;TX;78240;8002077313;28312;
La Petite Academy;6522 Wurzbach Rd;San Antonio;TX;78240;8002077313;28321;
La Petite Academy;6865 Beech Trail Dr;San Antonio;TX;78244;8002077313;28311;
La Petite Academy;111 Emerald Glade;San Antonio;TX;78245;8002077313;28313;
La Petite Academy;6634 Springtime Drive;San Antonio;TX;78249;8002077313;28319;
La Petite Academy;9401 Guilbeau Rd;San Antonio;TX;78250;8002077313;28330;
La Petite Academy;1700 Encino Rio #6;San Antonio;TX;78259;8002077313;28299;
La Petite Academy;805 Cypress Creek;Cedar Park;TX;78613;8002077313;28307;
La Petite Academy;1609 N Bell Blvd;Cedar Park;TX;78613;8002077313;28309;
The Children's Courtyard;2001 S Lakeline Blvd;Cedar Park;TX;78613;8002094245;24393;
La Petite Academy;204 10th St;Pflugerville;TX;78660;8002077313;30135;
The Children's Courtyard;1308 Picadilly Dr;Pflugerville;TX;78660;8002094245;24476;
The Children's Courtyard;3801 Gattis School Rd;Round Rock;TX;78664;8002094245;24488;
The Children's Courtyard;2960 Jazz St;Round Rock;TX;78664;8002094245;24489;
Tutor Time;6801 Dallas Drive;Austin;TX;78729;8002194278;32296;
The Children's Courtyard;10625 Bonaventure Dr;Austin;TX;78730;8002094245;24387;
La Petite Academy;9315 Chisholm Ln;Austin;TX;78748;8002077313;24615;
The Children's Courtyard;5914 W William Cannon Dr;Austin;TX;78749;8002094245;24475;
The Children's Courtyard;11012 Harris Branch Pkwy;Austin;TX;78754;8002094245;24478;
The Children's Courtyard;12336 N Mopac Expy;Austin;TX;78758;8002094245;24389;
The Children's Courtyard;11718 Metric Blvd;Austin;TX;78758;8002094245;24392;
The Children's Courtyard Master School;11718 Metric Blvd;Austin;TX;78758;8002094245;24392;
The Children's Courtyard;4213 Spicewood Springs Rd;Austin;TX;78759;8002094245;24391;
La Petite Academy;17001 E Iliff Ave;Aurora;CO;80013;8002077313;320211;
La Petite Academy;4290 S Richfield St;Aurora;CO;80013;8002077313;319851;
La Petite Academy;17391 E Wagon Trail Pl;Aurora;CO;80015;8002077313;320561;
La Petite Academy;13009 Westlake Dr;Broomfield;CO;80020;8002077313;320551;
La Petite Academy;11180 Eaton Street;Broomfield;CO;80020;8002077313;319901;
La Petite Academy;380 S McCaslin Blvd;Louisville;CO;80027;8002077313;320571;
La Petite Academy;2541 Prairie Ln;Castle Rock;CO;80104;8002077313;320541;
La Petite Academy;4620 S Yosemite St;Greenwood Village;CO;80111;8002077313;320181;
La Petite Academy;11550 W Burgundy Ave;Littleton;CO;80127;8002077313;320201;
La Petite Academy;9994 W Geddes Ave;Littleton;CO;80128;8002077313;320531;
La Petite Academy;11105 S Pikes Peak Dr;Parker;CO;80138;8002077313;320221;
La Petite Academy;348 South Owens Street;Lakewood;CO;80226;8002077313;313751;
La Petite Academy;3900 E 124th Ave;Thornton;CO;80241;8002077313;313371;
La Petite Academy;3615 Rio Vista Dr;Colorado Spgs;CO;80917;8002077313;319841;
La Petite Academy;2760 Purgatory Drive;Colorado Springs;CO;80918;8002077313;320171;
La Petite Academy;325 W 1550 N;Layton;UT;84041;8002077313;371719;
La Petite Academy;2105 Alta Canyon Dr;Sandy;UT;84093;8002077313;371717;
La Petite Academy;11347 S 1000 E;Sandy;UT;84094;8002077313;371720;
La Petite Academy;6955 S 2300 E;Salt Lake City;UT;84121;8002077313;371718;
Tutor Time;725 East Brill Street;Phoenix;AZ;85006;8002194278;238801;
Childtime;3546 E Thomas Rd;Phoenix;AZ;85018;8002194276;232681;
Tutor Time;4736 E Indian School Rd;Phoenix;AZ;85018;8002194278;235101;
Childtime;1212 E Glendale Ave;Phoenix;AZ;85020;8002194276;224121;
Tutor Time;875 East Bell Road;Phoenix;AZ;85022;8002194278;240521;
Childtime;3011 W Bell Rd;Phoenix;AZ;85023;8002194276;460837;
Tutor Time;24745 N. 23rd Avenue;Phoenix;AZ;85027;8002194278;460886;
Tutor Time;4060 E Bell Rd;Phoenix;AZ;85032;8002194278;282361;
Tutor Time;3316 East Baseline Road;Phoenix;AZ;85042;8002194278;231951;
Tutor Time;7810 W Lower Buckeye Rd;Phoenix;AZ;85043;8002194278;239381;
Childtime;5050 E Warner Rd;Phoenix;AZ;85044;8002194276;235711;
Tutor Time;15365 S 48th St;Phoenix;AZ;85044;8002194278;226271;
Tutor Time;3720 W Anthem Way;Anthem;AZ;85086;8002194278;232931;
Tutor Time;7255 S Power Rd;Queen Creek;AZ;85142;8002194278;238851;
Childtime;1111 N Horne;Mesa;AZ;85203;8002194276;223431;
Tutor Time;1928 North Gilbert Road;Mesa;AZ;85203;8002194278;228161;
Childtime;5154 E Adobe St;Mesa;AZ;85205;8002194276;235871;
La Petite Academy;2343 S Power Rd;Mesa;AZ;85208;8002077313;229681;
Childtime;350 N Pennington Dr;Chandler;AZ;85224;8002194276;232441;
Tutor Time;2050 West Ray Road;Chandler;AZ;85224;8002194278;228701;
La Petite Academy;5792 W Oakland St;Chandler;AZ;85226;8002077313;236571;
Tutor Time;905 North McClintock Drive;Chandler;AZ;85226;8002194278;240801;
Tutor Time;690 W Warner Rd;Gilbert;AZ;85233;8002194278;238161;
Childtime;3319 E Baseline Rd;Gilbert;AZ;85234;8002194276;231961;
Tutor Time;3901 E Guadalupe Rd;Gilbert;AZ;85234;8002194278;233341;
Tutor Time;1652 E Elliot Rd;Gilbert;AZ;85234;8002194278;281681;
La Petite Academy;3100 S Gilbert Rd;Chandler;AZ;85249;8002077313;231421;
Tutor Time;20645 North Scottsdale Road;Scottsdale;AZ;85255;8002194278;228781;
Tutor Time;11350 East Va Linda;Scottsdale;AZ;85259;8002194278;281311;
La Petite Academy;8433 E Raintree Dr;Scottsdale;AZ;85260;8002077313;240141;
La Petite Academy;1645 E Guadalupe Rd;Tempe;AZ;85283;8002077313;281671;
Tutor Time;1900 South Alma School Road;Chandler;AZ;85286;8002194278;228031;
Childtime;9105 N 57th Dr;Glendale;AZ;85302;8002194276;240881;
Tutor Time;10260 N 67th Ave;Glendale;AZ;85302;8002194278;281211;
Tutor Time;5911 West Thunderbird Road;Glendale;AZ;85306;8002194278;236751;
La Petite Academy;20195 N 67th Ave;Glendale;AZ;85308;8002077313;228521;
Tutor Time;5550 W Bell Rd;Glendale;AZ;85308;8002194278;236391;
Tutor Time;4710 East Lone Mountain Road;Cave Creek;AZ;85331;8002194278;235031;
Tutor Time;1730 North Dysart Road;Goodyear;AZ;85338;8002194278;227271;
Tutor Time;15438 W Bell Rd;Surprise;AZ;85374;8002194278;281561;
Tutor Time;8348 W Deer Valley Rd;Peoria;AZ;85382;8002194278;240011;
Childtime;1299 N 7th St;Sierra Vista;AZ;85635;8002194276;224501;
La Petite Academy;1155 N Sarnoff Dr;Tucson;AZ;85715;8002077313;223801;
La Petite Academy;1935 E Fort Lowell Rd;Tucson;AZ;85719;8002077313;228181;
La Petite Academy;8885 E Golf Links Rd;Tucson;AZ;85730;8002077313;240641;
Childtime;7090 N Thornydale Rd;Tucson;AZ;85741;8002194276;238571;
La Petite Academy;7930 N Thornydale Rd;Tucson;AZ;85741;8002077313;239511;
La Petite Academy;6570 S Midvale Park Rd;Tucson;AZ;85746;8002077313;237731;
Childtime;1120 S Harrison Rd;Tucson;AZ;85748;8002194276;223491;
La Petite Academy;8940 E Tanque Verde Rd;Tucson;AZ;85749;8002077313;240671;
Childtime;5675 E River Rd;Tucson;AZ;85750;8002194276;236481;
Childtime;109 E Oak Ave;Flagstaff;AZ;86001;8002194276;223191;
La Petite Academy;355 Avenida Bernalillo;Bernalillo;NM;87004;8002077313;372324;
La Petite Academy;6000 Fortuna Rd NW;Albuquerque;NM;87105;8002077313;460868;
La Petite Academy;6420 Gibson Blvd SE;Albuquerque;NM;87108;8002077313;371975;
La Petite Academy;7840 Constitution Ave NE;Albuquerque;NM;87110;8002077313;460869;
La Petite Academy;5212 Homestead Rd NE;Albuquerque;NM;87110;8002077313;460870;
La Petite Academy;12215 Towner Ave NE;Albuquerque;NM;87112;8002077313;371979;
La Petite Academy;4100 New Vistas Ct NW;Albuquerque;NM;87114;8002077313;371978;
La Petite Academy;5701 Redlands Rd NW;Albuquerque;NM;87120;8002077313;371971;
La Petite Academy;4910 Kachina NW;Albuquerque;NM;87120;8002077313;371977;
La Petite Academy;7615 Anaheim Ave NE;Albuquerque;NM;87122;8002077313;371972;
La Petite Academy;2800 Southern Blvd SE;Rio Rancho;NM;87124;8002077313;372103;
La Petite Academy;1501 Barbara Loop SE;Rio Rancho;NM;87124;8002077313;372104;
La Petite Academy;501 Quantum Rd NE;Rio Rancho;NM;87124;8002077313;372106;
La Petite Academy;1361 Rufina Cir;Santa Fe;NM;87505;8002077313;372168;
La Petite Academy;76 N Pecos Rd;Henderson;NV;89014;8002077313;364506;
La Petite Academy;1551 W Warm Springs Rd;Henderson;NV;89014;8002077313;364507;
La Petite Academy;4425 Simmons St;North Las Vegas;NV;89031;8002077313;364777;
La Petite Academy;2645 W Centennial Pkwy;North Las Vegas;NV;89084;8002077313;364778;
Childtime;555 Page St;Las Vegas;NV;89110;8002194276;364572;
La Petite Academy;680 E Warm Springs Rd;Las Vegas;NV;89119;8002077313;381341;
Childtime;7980 S Eastern Ave;Las Vegas;NV;89123;8002194276;364573;
La Petite Academy;2401 Tech Center Ct;Las Vegas;NV;89128;8002077313;364651;
La Petite Academy;2121 Harbor Island Dr;Las Vegas;NV;89128;8002077313;364652;
La Petite Academy;8451 Boseck Dr;Las Vegas;NV;89145;8002077313;364653;
La Petite Academy;750 N Alameda St;Los Angeles;CA;90012;8002077313;460871;
Childtime;4820 S Eastern Ave;Commerce;CA;90040;8002194276;6282;
Tutor Time;2850 Sepulveda Blvd;Torrance;CA;90505;8002194278;13077;
Tutor Time;5805 Corporate Ave;Cypress;CA;90630;8002194278;13903;
Childtime;1 World Trade Center;Long Beach;CA;90831;8002194276;8001;
Tutor Time;5108 Clareton Dr;Agoura Hills;CA;91301;8002194278;13076;
Tutor Time;23041 Newhall Ranch Rd;Santa Clarita;CA;91350;8002194278;13074;
Tutor Time;5855 De Soto Avenue;Woodland Hills;CA;91367;8002194278;13080;
Tutor Time;25804 Hemingway Ave;Stevenson Ranch;CA;91381;8002194278;13079;
Tutor Time;29421 The Old Rd;Castaic;CA;91384;8002194278;13078;
Tutor Time;17150 Soledad Canyon Rd;Canyon Country;CA;91387;8002194278;13075;
La Petite Academy;28041 Seco Canyon Road;Santa Clarita;CA;91390;8002077313;12526;
Childtime;3656 Riverside Dr;Chino;CA;91710;8002194276;15741;
Tutor Time;7390 Ellena W;Rancho Cucamonga;CA;91730;8002194278;16107;
Tutor Time;10420 Alta Loma Dr;Rancho Cucamonga;CA;91737;8002194278;16108;
Tutor Time;6020 Hamner Ave;Eastvale;CA;91752;8002194278;16109;
La Petite Academy;722 Grand Ave;Diamond Bar;CA;91765;8002077313;11164;
Tutor Time;1001 E 16th St;Upland;CA;91784;8002194278;16106;
Tutor Time;21639 Valley Blvd;Walnut;CA;91789;8002194278;11800;
Childtime;1418 S Vega St;Alhambra;CA;91801;8002194276;5603;
La Petite Academy;795 Corral Canyon Rd;Bonita;CA;91902;8002077313;5940;
Childtime;770 Rancho Del Rey Parkway;Chula Vista;CA;91910;8002194276;6156;
La Petite Academy;798 E J St;Chula Vista;CA;91910;8002077313;6183;
Childtime;5565 Lake Park Way;La Mesa;CA;91942;8002194276;7792;
La Petite Academy;4179 Avenida De La Plata;Oceanside;CA;92056;8002077313;8757;
Childtime;4280 Via Rancho Rd;Oceanside;CA;92057;8002194276;8743;
Tutor Time;9440 North Cuyamaca Street;Santee;CA;92071;8002194278;460887;
La Petite Academy;725 Shadowridge Dr;Vista;CA;92083;8002077313;10788;
Childtime;8111 New Salem Street;San Diego;CA;92126;8002194276;9624;
La Petite Academy;12668 Sabre Springs Pkwy;San Diego;CA;92128;8002077313;9727;
La Petite Academy;10050 Carmel Mountain Rd;San Diego;CA;92129;8002077313;9728;
Tutor Time;14273 Baseline Ave;Fontana;CA;92336;8002194278;16110;
Tutor Time;7191 Boulder Avenue;Highland;CA;92346;8002194278;16105;
La Petite Academy;620 West Baseline Rd.;Rialto;CA;92376;8002077313;15883;
La Petite Academy;14040 Bear Valley Rd;Victorville;CA;92392;8002077313;15884;
La Petite Academy;11100 Collett Ave;Riverside;CA;92505;8002077313;15478;
La Petite Academy;6212 Clay St;Riverside;CA;92509;8002077313;15479;
Childtime;14700 Perris Blvd;Moreno Valley;CA;92553;8002194276;15342;
Tutor Time;26624 Margarita Road;Murrieta;CA;92563;8002194278;15661;
Childtime;27321 Nicolas Rd;Temecula;CA;92591;8002194276;15341;
Tutor Time;12860 Central Park Ave;Irvine;CA;92602;8002194278;13902;
Childtime;4876 Irvine Center Drive;Irvine;CA;92604;8002194276;13341;
Childtime;9861 Yorktown Ave;Huntington Beach;CA;92646;8002194276;13346;
La Petite Academy;19860 Beach Blvd;Huntington Beach;CA;92648;8002077313;13574;
Childtime;2601 Vista Del Oro;Newport Beach;CA;92660;8002194276;13347;
Tutor Time;1550 Bristol St N;Newport Beach;CA;92660;8002194278;13901;
Childtime;24590 La Plata Dr;Laguna Niguel;CA;92677;8002194276;13339;
Tutor Time;24291 Avila Rd;Laguna Niguel;CA;92677;8002194278;13906;
Childtime;13881 Prospect Ave;Santa Ana;CA;92705;8002194276;13343;
Tutor Time;2709 N Bristol St e1;Santa Ana;CA;92706;8002194278;13905;
Childtime;1000 S State College Blvd;Anaheim;CA;92806;8002194276;13342;
Tutor Time;350 S Festival Dr;Anaheim Hills;CA;92808;8002194278;13907;
Childtime;705 East Birch St;Brea;CA;92821;8002194276;13340;
Childtime;12421 Springdale St;Garden Grove;CA;92845;8002194276;13345;
Childtime;2839 Villa Real Drive;Orange;CA;92867;8002194276;13344;
Tutor Time;1214 Magnolia Ave;Corona;CA;92881;8002194278;15662;
La Petite Academy;261 W Stanley Ave;Ventura;CA;93001;8002077313;14566;
Tutor Time;1000 County Square Dr;Ventura;CA;93003;8002194278;14683;
Childtime;700 E Esplanade Dr;Oxnard;CA;93036;8002194276;14504;
La Petite Academy;85 E Bonita Dr;Simi Valley;CA;93065;8002077313;14567;
Tutor Time;1080 Country Club Drive West;Simi Valley;CA;93065;8002194278;14681;
La Petite Academy;2616 Gosford Rd;Bakersfield;CA;93309;8002077313;5774;
Childtime;9903 Camino Media;Bakersfield;CA;93311;8002194276;5748;
La Petite Academy;43741 Challenger Way;Lancaster;CA;93535;8002077313;12525;
La Petite Academy;1709 E Palmdale Blvd;Palmdale;CA;93550;8002077313;12523;
Childtime;2091 Sierra Ave;Clovis;CA;93611;8002194276;6260;
Childtime;214 N Clark St;Fresno;CA;93701;8002194276;6925;
La Petite Academy;999 E Teague Ave;Fresno;CA;93720;8002077313;7001;
La Petite Academy;1350 E Tregallas Rd;Antioch;CA;94509;8002077313;15185;
La Petite Academy;4304 Cowell Rd;Concord;CA;94518;8002077313;6309;
Tutor Time;3354 Cherry Hills Ct;Fairfield;CA;94534;8002194278;14084;
Childtime;6635 Alhambra Ave;Martinez;CA;94553;8002194276;8271;
La Petite Academy;5725 Valley Ave;Pleasanton;CA;94566;8002077313;8978;
La Petite Academy;1001 Market Pl;San Ramon;CA;94583;8002077313;10209;
La Petite Academy;1221 Nevin Ave;Richmond;CA;94801;8002077313;9160;
La Petite Academy;3891 Lakeside Dr;Richmond;CA;94806;8002077313;9159;
La Petite Academy;1910 W. Kettleman Lane;Lodi;CA;95240;8002077313;7956;
Childtime;2320 Floyd Ave;Modesto;CA;95355;8002194276;8372;
Childtime;3912 Honey Creek Rd;Modesto;CA;95356;8002194276;8371;
La Petite Academy;2055 Occidental Rd;Santa Rosa;CA;95401;8002077313;14170;
La Petite Academy;9451 Brooks Rd;Windsor;CA;95492;8002077313;14169;
La Petite Academy;8008 Old Auburn Road;Citrus Heights;CA;95610;8002077313;6223;
La Petite Academy;410 Glenn Dr;Folsom;CA;95630;8002077313;6810;
Childtime;8747 Sierra College Blvd;Roseville;CA;95661;8002194276;9238;
La Petite Academy;11378 Coloma Rd;Gold River;CA;95670;8002077313;9081;
Childtime;1201 Burton Dr;Vacaville;CA;95687;8002194276;14021;
Childtime;1267 Pleasant Grove Blvd;Roseville;CA;95747;8002194276;9237;
Childtime;7901 Laguna Blvd;Elk Grove;CA;95758;8002194276;6636;
La Petite Academy;5820 Stanford Ranch Rd;Rocklin;CA;95765;8002077313;9214;
Childtime;2555 Millcreek Dr;Sacramento;CA;95833;8002194276;9316;
La Petite Academy;750 NE Market Dr;Fairview;OR;97024;8002077313;362023;
Cascade Summit Montessori;3100 Parker Rd;West Linn;OR;97068;8002094253;381331;
La Petite Academy;15940 SW Tualatin Sherwood Rd;Sherwood;OR;97140;8002077313;362546;
Bethany Village Montessori;15188 NW Central Dr;Portland;OR;97229;8002094253;381330;
Childtime;135 S 312th St;Federal Way;WA;98003;8002194276;202071;
La Petite Academy;508 S 348th St;Federal Way;WA;98003;8002077313;202131;
La Petite Academy;31906 6th Ave S;Federal Way;WA;98003;8002077313;202151;
La Petite Academy;13231 Bothell Everett Hwy;Mill Creek;WA;98012;8002077313;202171;
La Petite Academy;24037 132nd Ave SE;Kent;WA;98031;8002077313;202141;
La Petite Academy;11440 NE 116th St;Kirkland;WA;98034;8002077313;202081;
La Petite Academy;12918 Mukilteo Speedway;Lynnwood;WA;98037;8002077313;202181;
La Petite Academy;17214 SE 275th St;Covington;WA;98042;8002077313;202121;
Childtime;4306 156th Avenue Northeast;Redmond;WA;98052;8002194276;202051;
La Petite Academy;8675 161st Avenue Northeast;Redmond;WA;98052;8002077313;460872;
Childtime;4311 NE Fifth Street South;Renton;WA;98059;8002194276;460838;
La Petite Academy;410 228th Avenue Northeast;Sammamish;WA;98074;8002077313;202111;
La Petite Academy;2800 Milton Way;Milton;WA;98354;8002077313;202161;
La Petite Academy;16028 Gem Heights Dr E;Puyallup;WA;98373;8002077313;202091;
La Petite Academy;1006 39th Ave SE;Puyallup;WA;98374;8002077313;460873;
Childtime;1196 NW Tahoe Ln;Silverdale;WA;98383;8002194276;202061;
Tutor Time;1401 Marvin Rd NE;Lacey;WA;98516;8002194278;7923;
Tutor Time;470 Bridgeport Ave;Milford;CT;6460;8002194278;460874;
Tutor Time;708 Bridgeport Ave;Shelton;CT;6484;8002194278;360689;
Tutor Time;221 Bull Hill Ln;West Haven;CT;6516;8002194278;460875;
Tutor Time;466 Main Ave;Norwalk;CT;6851;8002194278;360688;
Childtime;215 Elm Ave;Rahway;NJ;7065;8002194276;460827;
Childtime;1 Bradford Rd;Bedminster;NJ;7921;8002194276;156491;
La Petite Academy;711 County Route 561;Voorhees Township;NJ;8043;8002077313;140381;
Childtime;137 Jackson Rd;Medford Township;NJ;8055;8002194276;138241;
Tutor Time;123 Egg Harbor Road;Sewell;NJ;8080;8002194278;161221;
Childtime;601 Buena Pkwy;Bridgewater;NJ;8807;8002194276;156741;
Tutor Time;1 Ethel Rd;Edison;NJ;8817;8002194278;148241;
Childtime;43 Barley Sheaf Rd;Flemington;NJ;8822;8002194276;145531;
Childtime;454 Elizabeth Ave;Somerset;NJ;8873;8002194276;157351;
Mountain View Private School;4100 New Vistas Ct NW;Albuquerque;NM;87114;8002094253;460434;
Tutor Time;225 East 38th Street;New York;NY;10016;8002194278;17634;
Tutor Time;3 Springhurst Drive;East Greenbush;NY;12061;8002194278;460876;1107126
Tutor Time;325 Jordan Rd;Troy;NY;12180;8002194278;460877;1107234
La Petite Academy;211 Edds Ln;Sterling;VA;20165;8002077313;460842;586755
La Petite Academy;2150 Old Farm Dr;Frederick;MD;21701;8002077313;460840;664670
La Petite Academy;25 Travis Ln;Stafford;VA;22554;8002077313;125871;586749
La Petite Academy;1203 Charles Rd;Shelby;NC;28152;8002077313;352629;236868
La Petite Academy;2041 Clemson Rd;Columbia;SC;29229;8002077313;354512;155043
La Petite Academy;1750 Georgia 138;Conyers;GA;30012;8002077313;270001;553381
Medlock Bridge Montessori;5815 Medlock Bridge Pkwy;Johns Creek;GA;30022;8002094253;272091;
Childtime;2230 Hewatt Rd;Snellville;GA;30039;8002194276;460830;550555
Sugarloaf Montessori School;2270 Meadow Church Rd;Duluth;GA;30097;8002094253;276121;556353
Childcare Network #254;101 Westside Blvd;Pooler;GA;31322;8002235895;463943;
Tutor Time;13734 Old Saint Augustine Road;Jacksonville;FL;32258;8002194278;45378;
La Petite Academy;6573 Old Winter Garden Rd;Orlando;FL;32811;8002077313;48461;534093
La Petite Academy;13502 S Village Dr;Tampa;FL;33624;8002077313;45933;534072
La Petite Academy;955 Hillcrest Rd;Mobile;AL;36695;8002077313;366758;680716
La Petite Academy;9001 George Williams Rd;Knoxville;TN;37922;8002077313;357998;834950
La Petite Academy;11308 Station W Dr;Knoxville;TN;37922;8002077313;358042;834952
La Petite Academy;1101 Wilkinson Trace;Bowling Green;KY;42104;8002077313;303281;57496
La Petite Academy;130 Polaris Pkwy;Westerville;OH;43081;8002077313;2148;823784
Childtime;3365 Richmond Rd #260;Beachwood;OH;44122;8002194276;1701;
La Petite Academy;8339 Beckett Park Drive;West Chester Township;OH;45069;8002077313;426;823787
Childtime;6375 Clyo Rd;Centerville;OH;45458;8002194276;1326;822350
Childtime;150 E Long Lake Rd;Troy;MI;48085;8002194276;460831;204163
Childtime;4220 Plymouth Rd;Ann Arbor;MI;48106;8002194276;42635;198763
Childtime;3916 52nd Street SE;Kentwood;MI;49508;8002194276;40784;203684
Tutor Time;1570 109th Ave NE;Blaine;MN;55449;8002194278;189041;812976
La Petite Academy;N Illinois Route 83;Round Lake Beach;IL;60073;8002077313;65101;780125
Tutor Time;1335 N Arlington Heights Rd;Itasca;IL;60143;8002194278;460884;778148
Aurora Montessori;3180 N Aurora Rd;Aurora;IL;60504;8002094253;70031;777906
Tutor Time;460 75th St;Downers Grove;IL;60516;8002194278;460885;778064
La Petite Academy;9371 N Oak Trafficway;Kansas City;MO;64155;8002077313;344246;688980
La Petite Academy;9071 NE 81st Terrace;Kansas City;MO;64158;8002077313;381334;687068
La Petite Academy;16301 N Santa Fe Ave;Edmond;OK;73034;8002077313;362965;732291
Childcare Network #201;4500 East I-240 Service Road;Oklahoma City;OK;73135;8002235895;381093;732989
The Children's Courtyard;129 West Town Center Dr.;Coppell;TX;75019;8002094245;31782;89943
The Children's Courtyard;3700 Flower Mound Road;Flower Mound;TX;75022;8002094245;31809;89968
The Children's Courtyard;708 West Polo Road;Grand Prairie;TX;75052;8002094245;31804;89963
The Children's Courtyard;4285 S Carrier Pkwy;Grand Prairie;TX;75052;8002094245;31792;89950
The Children's Courtyard;2155 Willow Grove Dr;Lewisville;TX;75067;8002094245;31789;89953
The Children's Courtyard;1504 N Garden Ridge Blvd;Lewisville;TX;75077;8002094245;31793;89958
The Children's Courtyard;1115 W Lamar Blvd;Arlington;TX;76012;8002094245;24473;83318
The Children's Courtyard;4400 W Pleasant Ridge Rd;Arlington;TX;76016;8002094245;24474;83311
Montessori at the Courtyard;2804 Central Dr;Bedford;TX;76021;8002094253;381336;83309
The Children's Courtyard;2800 Central Dr;Bedford;TX;76021;8002094245;24472;83317
The Children's Courtyard;8701 S Hulen St;Fort Worth;TX;76123;8002094245;24479;83320
The Children's Courtyard;901 Harmon Rd;Fort Worth;TX;76131;8002094245;31802;89946
The Children's Courtyard;2301 Western Center Boulevard;Fort Worth;TX;76131;8002094245;31795;89960
The Children's Courtyard;4500 Alliance Gateway Fwy;Fort Worth;TX;76177;8002094245;31785;89954
The Children's Courtyard;7515 Smithfield Road;North Richland Hills;TX;76182;8002094245;24486;83308
The Children's Courtyard;1255 Rufe Snow Drive;Keller;TX;76248;8002094245;31810;89969
The Children's Courtyard;16255 Longenbaugh Dr;Houston;TX;77095;8002094245;24477;83316
The Children's Courtyard Master School;16255 Longenbaugh;Houston;TX;77095;8002094245;24490;83323
La Petite Academy;15255 Mason Rd;Cypress;TX;77429;8002077313;28300;86520
The Children's Courtyard;1308 Picadilly Dr;Pflugerville;TX;78660;8002094245;24476;83315
The Children's Courtyard;3801 Gattis School Rd;Round Rock;TX;78664;8002094245;24488;83321
The Children's Courtyard;2960 Jazz St;Round Rock;TX;78664;8002094245;24489;83322
The Children's Courtyard;5914 W William Cannon Dr;Austin;TX;78749;8002094245;24475;83312
The Children's Courtyard;11012 Harris Branch Pkwy;Austin;TX;78754;8002094245;24478;83307
La Petite Academy;9994 W Geddes Ave;Littleton;CO;80128;8002077313;320531;847997
Tutor Time;725 East Brill Street;Phoenix;AZ;85006;8002194278;238801;
Childtime;3011 W Bell Rd;Phoenix;AZ;85023;8002194276;460837;127218
Tutor Time;3316 East Baseline Road;Phoenix;AZ;85042;8002194278;231951;127457
Tutor Time;7255 S Power Rd;Queen Creek;AZ;85142;8002194278;238851;127514
Childtime;1111 N Horne;Mesa;AZ;85203;8002194276;223431;
La Petite Academy;2343 S Power Rd;Mesa;AZ;85208;8002077313;229681;126986
Tutor Time;690 W Warner Rd;Gilbert;AZ;85233;8002194278;238161;
La Petite Academy;3100 S Gilbert Rd;Chandler;AZ;85249;8002077313;231421;943323
Tutor Time;1900 South Alma School Road;Chandler;AZ;85286;8002194278;228031;126616
Tutor Time;10260 N 67th Ave;Glendale;AZ;85302;8002194278;281211;
La Petite Academy;1361 Rufina Cir;Santa Fe;NM;87505;8002077313;372168;920465
Childtime;7980 S Eastern Ave;Las Vegas;NV;89123;8002194276;364573;
La Petite Academy;750 N Alameda St;Los Angeles;CA;90012;8002077313;460871;146159
Childtime;1 World Trade Center;Long Beach;CA;90831;8002194276;8001;
La Petite Academy;28041 Seco Canyon Road;Santa Clarita;CA;91390;8002077313;12526;1124731
La Petite Academy;19860 Beach Blvd;Huntington Beach;CA;92648;8002077313;13574;147876
Childtime;12421 Springdale St;Garden Grove;CA;92845;8002194276;13345;144879
Tutor Time;3354 Cherry Hills Ct;Fairfield;CA;94534;8002194278;14084;
La Petite Academy;1221 Nevin Ave;Richmond;CA;94801;8002077313;9160;147914
Childtime;2320 Floyd Ave;Modesto;CA;95355;8002194276;8372;144864
Bethany Village Montessori;15188 NW Central Dr;Portland;OR;97229;8002094253;381330;
La Petite Academy;24037 132nd Ave SE;Kent;WA;98031;8002077313;202141;1009427
La Petite Academy;12918 Mukilteo Speedway;Lynnwood;WA;98037;8002077313;202181;592776
La Petite Academy;16028 Gem Heights Dr E;Puyallup;WA;98373;8002077313;202091;592735
Mountain View Private School;4100 New Vistas Ct NW;Albuquerque;NM;87114;8002094253;460434;920083
